-- Query PC types table
INSERT INTO PCTypes VALUES ("DELL");
INSERT INTO PCTypes VALUES ("IBP 22");
INSERT INTO PCTypes VALUES ("IBP 23");  
INSERT INTO PCTypes VALUES ("OMEN 23");    
INSERT INTO PCTypes VALUES ("CUSTOM 23");  

-- Query all PCs currently operable in arena into table
-- format: (ID, PCType ID, operational)  <-- 1/working 2/partly 3/not
-- OMEN 23:
INSERT INTO Device VALUES (339123, 0);
INSERT INTO PC VALUES (339123, "OMEN 23");
INSERT INTO Device VALUES (339124, 0);
INSERT INTO PC VALUES (339124, "OMEN 23");
INSERT INTO Device VALUES (339125, 0);
INSERT INTO PC VALUES (339125, "OMEN 23");
INSERT INTO Device VALUES (339127, 0);
INSERT INTO PC VALUES (339127, "OMEN 23");
INSERT INTO Device VALUES (339128, 0);
INSERT INTO PC VALUES (339128, "OMEN 23");
INSERT INTO Device VALUES (339129, 0);
INSERT INTO PC VALUES (339129, "OMEN 23");
INSERT INTO Device VALUES (339130, 0);
INSERT INTO PC VALUES (339130, "OMEN 23");
INSERT INTO Device VALUES (339131, 0);
INSERT INTO PC VALUES (339131, "OMEN 23");
-- IBP 22
INSERT INTO Device VALUES (335212, 0);
INSERT INTO PC VALUES (335212, "IBP 22");
INSERT INTO Device VALUES (335213, 0);
INSERT INTO PC VALUES (335213, "IBP 22");
INSERT INTO Device VALUES (335214, 0);
INSERT INTO PC VALUES (335214, "IBP 22");
INSERT INTO Device VALUES (335215, 0);
INSERT INTO PC VALUES (335215, "IBP 22");
INSERT INTO Device VALUES (335217, 0);
INSERT INTO PC VALUES (335217, "IBP 22");
INSERT INTO Device VALUES (335218, 0);
INSERT INTO PC VALUES (335218, "IBP 22");
-- IBP 23
INSERT INTO Device VALUES (338047, 0);
INSERT INTO PC VALUES (338047, "IBP 23");
INSERT INTO Device VALUES (338048, 0);
INSERT INTO PC VALUES (338048, "IBP 23");
INSERT INTO Device VALUES (338043, 0);
INSERT INTO PC VALUES (338043, "IBP 23");
INSERT INTO Device VALUES (338046, 0);
INSERT INTO PC VALUES (338046, "IBP 23");
INSERT INTO Device VALUES (338044, 0);
INSERT INTO PC VALUES (338044, "IBP 23");
INSERT INTO Device VALUES (338045, 0);
INSERT INTO PC VALUES (338045, "IBP 23");
-- CUSTOM 23 / Corsair cases
INSERT INTO Device VALUES (339133, 0);
INSERT INTO PC VALUES (339133, "CUSTOM 23");
INSERT INTO Device VALUES (339132, 0);
INSERT INTO PC VALUES (339132, "CUSTOM 23");
INSERT INTO Device VALUES (339135, 0);
INSERT INTO PC VALUES (339135, "CUSTOM 23");
INSERT INTO Device VALUES (339141, 0);
INSERT INTO PC VALUES (339141, "CUSTOM 23");
INSERT INTO Device VALUES (339138, 0);
INSERT INTO PC VALUES (339138, "CUSTOM 23");
INSERT INTO Device VALUES (339139, 0);
INSERT INTO PC VALUES (339139, "CUSTOM 23");
INSERT INTO Device VALUES (339137, 0);
INSERT INTO PC VALUES (339137, "CUSTOM 23");
INSERT INTO Device VALUES (339134, 0);
INSERT INTO PC VALUES (339134, "CUSTOM 23");
INSERT INTO Device VALUES (339140, 0);
INSERT INTO PC VALUES (339140, "CUSTOM 23");
INSERT INTO Device VALUES (339131, 0);
INSERT INTO PC VALUES (339131, "CUSTOM 23"); -- problem pc, duplicate IDs
INSERT INTO Device VALUES (339136, 0);
INSERT INTO PC VALUES (339136, "CUSTOM 23");
INSERT INTO Device VALUES (339142, 0);
INSERT INTO PC VALUES (339142, "CUSTOM 23");
-- DELL
INSERT INTO Device VALUES (329959, 0);
INSERT INTO PC VALUES (329959, "DELL");
INSERT INTO Device VALUES (329884, 0);
INSERT INTO PC VALUES (329884, "DELL");
INSERT INTO Device VALUES (329946, 0);
INSERT INTO PC VALUES (329946, "DELL");
INSERT INTO Device VALUES (329948, 0);
INSERT INTO PC VALUES (329948, "DELL");
INSERT INTO Device VALUES (329950, 0);
INSERT INTO PC VALUES (329950, "DELL");
INSERT INTO Device VALUES (329944, 0);
INSERT INTO PC VALUES (329944, "DELL");
INSERT INTO Device VALUES (329881, 0);
INSERT INTO PC VALUES (329881, "DELL"); 
INSERT INTO Device VALUES (329941, 0);
INSERT INTO PC VALUES (329941, "DELL");
INSERT INTO Device VALUES (329938, 0);
INSERT INTO PC VALUES (329938, "DELL");
INSERT INTO Device VALUES (329942, 0);
INSERT INTO PC VALUES (329942, "DELL");
INSERT INTO Device VALUES (329952, 0);
INSERT INTO PC VALUES (329952, "DELL");
INSERT INTO Device VALUES (329940, 0);
INSERT INTO PC VALUES (329940, "DELL");
INSERT INTO Device VALUES (329939, 0);
INSERT INTO PC VALUES (329939, "DELL");
INSERT INTO Device VALUES (329882, 0);
INSERT INTO PC VALUES (329882, "DELL");
INSERT INTO Device VALUES (329951, 0);
INSERT INTO PC VALUES (329951, "DELL");
INSERT INTO Device VALUES (329879, 0);
INSERT INTO PC VALUES (329879, "DELL");
INSERT INTO Device VALUES (329877, 0);
INSERT INTO PC VALUES (329877, "DELL");
INSERT INTO Device VALUES (329954, 0);
INSERT INTO PC VALUES (329954, "DELL");